Improve_2, 005000, 145, 165, PRSH_I, 28491, 10, 2849.100000, PRSH_M, 18712, 10, 1871.200000, 145, 165, 
Improve_2, 005000, 133, 200, PRSH_I, 16367, 10, 1636.700000, PRSH_M, 19012, 10, 1901.200000, 133, 200, 
Improve_2, 005000, 144, 176, PRSH_I, 24619, 10, 2461.900000, PRSH_M, 18362, 10, 1836.200000, 144, 176, 
Improve_2, 005000, 133, 158, PRSH_I, 25388, 10, 2538.800000, PRSH_M, 15562, 10, 1556.200000, 133, 158, 
Improve_2, 005000, 147, 156, PRSH_I, 25781, 10, 2578.100000, PRSH_M, 17688, 10, 1768.800000, 147, 156, 
Improve_2, 005000, 155, 162, PRSH_I, 14607, 10, 1460.700000, PRSH_M, 23414, 10, 2341.400000, 155, 162, 
Improve_2, 005000, 142, 300, PRSH_I, 22998, 10, 2299.800000, PRSH_M, 11795, 10, 1179.500000, 142, 300, 
Improve_2, 005000, 186, 267, PRSH_I, 31324, 10, 3132.400000, PRSH_M, 9748, 10, 974.800000, 186, 267, 
Improve_2, 005000, 91, 164, PRSH_I, 18586, 10, 1858.600000, PRSH_M, 27530, 10, 2753.000000, 91, 164, 
Improve_2, 005000, 142, 263, PRSH_I, 21074, 10, 2107.400000, PRSH_M, 14619, 10, 1461.900000, 142, 263, 
Improve_2, 005000, 144, 166, PRSH_I, 10928, 10, 1092.800000, PRSH_M, 30569, 10, 3056.900000, 144, 166, 
Improve_2, 005000, 158, 164, PRSH_I, 23599, 10, 2359.900000, PRSH_M, 23408, 10, 2340.800000, 158, 164, 
Improve_2, 005000, 172, 230, PRSH_I, 17091, 10, 1709.100000, PRSH_M, 16466, 10, 1646.600000, 172, 230, 
Improve_2, 005000, 166, 224, PRSH_I, 25406, 10, 2540.600000, PRSH_M, 19146, 10, 1914.600000, 166, 224, 
Improve_2, 005000, 154, 169, PRSH_I, 15086, 10, 1508.600000, PRSH_M, 26749, 10, 2674.900000, 154, 169, 
Improve_2, 005000, 131, 244, PRSH_I, 21430, 10, 2143.000000, PRSH_M, 15229, 10, 1522.900000, 131, 244, 
Improve_2, 005000, 154, 163, PRSH_I, 22372, 10, 2237.200000, PRSH_M, 22513, 10, 2251.300000, 154, 163, 
Improve_2, 005000, 140, 150, PRSH_I, 19806, 10, 1980.600000, PRSH_M, 26838, 10, 2683.800000, 140, 150, 
Improve_2, 005000, 141, 172, PRSH_I, 31603, 10, 3160.300000, PRSH_M, 11044, 10, 1104.400000, 141, 172, 
Improve_2, 005000, 187, 189, PRSH_I, 26677, 10, 2667.700000, PRSH_M, 12193, 10, 1219.300000, 187, 189, 
Improve_2, 005000, 147, 177, PRSH_I, 19917, 10, 1991.700000, PRSH_M, 24094, 10, 2409.400000, 147, 177, 
Improve_2, 005000, 152, 208, PRSH_I, 18767, 10, 1876.700000, PRSH_M, 25106, 10, 2510.600000, 152, 208, 
Improve_2, 005000, 134, 208, PRSH_I, 20337, 10, 2033.700000, PRSH_M, 25270, 10, 2527.000000, 134, 208, 
Improve_2, 005000, 145, 175, PRSH_I, 16257, 10, 1625.700000, PRSH_M, 25084, 10, 2508.400000, 145, 175, 
Improve_2, 005000, 152, 170, PRSH_I, 27819, 10, 2781.900000, PRSH_M, 18001, 10, 1800.100000, 152, 170, 
Improve_2, 005000, 155, 199, PRSH_I, 23531, 10, 2353.100000, PRSH_M, 20956, 10, 2095.600000, 155, 199, 
Improve_2, 005000, 126, 148, PRSH_I, 25897, 10, 2589.700000, PRSH_M, 18476, 10, 1847.600000, 126, 148, 
Improve_2, 005000, 177, 183, PRSH_I, 18796, 10, 1879.600000, PRSH_M, 25601, 10, 2560.100000, 177, 183, 
Improve_2, 005000, 176, 246, PRSH_I, 5603, 10, 560.300000, PRSH_M, 38541, 10, 3854.100000, 176, 246, 
Improve_2, 005000, 141, 191, PRSH_I, 20585, 10, 2058.500000, PRSH_M, 21179, 10, 2117.900000, 141, 191, 
Improve_2, 005000, 139, 177, PRSH_I, 22272, 10, 2227.200000, PRSH_M, 20958, 10, 2095.800000, 139, 177, 
Improve_2, 005000, 161, 180, PRSH_I, 11322, 10, 1132.200000, PRSH_M, 33836, 10, 3383.600000, 161, 180, 
Improve_2, 005000, 145, 147, PRSH_I, 22897, 10, 2289.700000, PRSH_M, 22324, 10, 2232.400000, 145, 147, 
Improve_2, 005000, 98, 145, PRSH_I, 21736, 10, 2173.600000, PRSH_M, 22082, 10, 2208.200000, 98, 145, 
Improve_2, 005000, 135, 144, PRSH_I, 29277, 10, 2927.700000, PRSH_M, 12260, 10, 1226.000000, 135, 144, 
Improve_2, 005000, 138, 166, PRSH_I, 16593, 10, 1659.300000, PRSH_M, 28236, 10, 2823.600000, 138, 166, 
Improve_2, 005000, 146, 149, PRSH_I, 25355, 10, 2535.500000, PRSH_M, 18469, 10, 1846.900000, 146, 149, 
Improve_2, 005000, 141, 171, PRSH_I, 11064, 10, 1106.400000, PRSH_M, 22220, 10, 2222.000000, 141, 171, 
Improve_2, 005000, 144, 169, PRSH_I, 22421, 10, 2242.100000, PRSH_M, 17453, 10, 1745.300000, 144, 169, 
Improve_2, 005000, 146, 177, PRSH_I, 26643, 10, 2664.300000, PRSH_M, 20804, 10, 2080.400000, 146, 177, 
Improve_2, 005000, 141, 172, PRSH_I, 30192, 10, 3019.200000, PRSH_M, 17618, 10, 1761.800000, 141, 172, 
Improve_2, 005000, 146, 173, PRSH_I, 21807, 10, 2180.700000, PRSH_M, 22997, 10, 2299.700000, 146, 173, 
Improve_2, 005000, 155, 194, PRSH_I, 23292, 10, 2329.200000, PRSH_M, 23340, 10, 2334.000000, 155, 194, 
Improve_2, 005000, 182, 185, PRSH_I, 18896, 10, 1889.600000, PRSH_M, 26126, 10, 2612.600000, 182, 185, 
Improve_2, 005000, 139, 224, PRSH_I, 26183, 10, 2618.300000, PRSH_M, 13620, 10, 1362.000000, 139, 224, 
Improve_2, 005000, 128, 192, PRSH_I, 25898, 10, 2589.800000, PRSH_M, 20744, 10, 2074.400000, 128, 192, 
Improve_2, 005000, 125, 161, PRSH_I, 19290, 10, 1929.000000, PRSH_M, 22422, 10, 2242.200000, 125, 161, 
Improve_2, 005000, 160, 205, PRSH_I, 38383, 10, 3838.300000, PRSH_M, 9130, 10, 913.000000, 160, 205, 
Improve_2, 005000, 179, 195, PRSH_I, 12966, 10, 1296.600000, PRSH_M, 27724, 10, 2772.400000, 179, 195, 
Improve_2, 005000, 149, 160, PRSH_I, 35439, 10, 3543.900000, PRSH_M, 9586, 10, 958.600000, 149, 160, 
Improve_2, 005000, 144, 198, PRSH_I, 20722, 10, 2072.200000, PRSH_M, 23538, 10, 2353.800000, 144, 198, 
Improve_2, 005000, 163, 181, PRSH_I, 23178, 10, 2317.800000, PRSH_M, 15323, 10, 1532.300000, 163, 181, 
Improve_2, 005000, 138, 155, PRSH_I, 24907, 10, 2490.700000, PRSH_M, 22886, 10, 2288.600000, 138, 155, 
Improve_2, 005000, 151, 225, PRSH_I, 7959, 10, 795.900000, PRSH_M, 32550, 10, 3255.000000, 151, 225, 
Improve_2, 005000, 135, 217, PRSH_I, 36383, 10, 3638.300000, PRSH_M, 10997, 10, 1099.700000, 135, 217, 
Improve_2, 005000, 171, 180, PRSH_I, 32562, 10, 3256.200000, PRSH_M, 13467, 10, 1346.700000, 171, 180, 
Improve_2, 005000, 135, 150, PRSH_I, 34853, 10, 3485.300000, PRSH_M, 12322, 10, 1232.200000, 135, 150, 
Improve_2, 005000, 126, 165, PRSH_I, 16199, 10, 1619.900000, PRSH_M, 26292, 10, 2629.200000, 126, 165, 
Improve_2, 005000, 125, 216, PRSH_I, 11776, 10, 1177.600000, PRSH_M, 31475, 10, 3147.500000, 125, 216, 
Improve_2, 005000, 137, 151, PRSH_I, 17619, 10, 1761.900000, PRSH_M, 26095, 10, 2609.500000, 137, 151, 
Improve_2, 005000, 147, 173, PRSH_I, 24178, 10, 2417.800000, PRSH_M, 19968, 10, 1996.800000, 147, 173, 
Improve_2, 005000, 165, 166, PRSH_I, 28155, 10, 2815.500000, PRSH_M, 14199, 10, 1419.900000, 165, 166, 
Improve_2, 005000, 133, 374, PRSH_I, 18419, 10, 1841.900000, PRSH_M, 21705, 10, 2170.500000, 133, 374, 
Improve_2, 005000, 162, 181, PRSH_I, 23817, 10, 2381.700000, PRSH_M, 20879, 10, 2087.900000, 162, 181, 
Improve_2, 005000, 114, 168, PRSH_I, 24101, 10, 2410.100000, PRSH_M, 18259, 10, 1825.900000, 114, 168, 
Improve_2, 005000, 142, 161, PRSH_I, 25626, 10, 2562.600000, PRSH_M, 16375, 10, 1637.500000, 142, 161, 
Improve_2, 005000, 147, 189, PRSH_I, 19490, 10, 1949.000000, PRSH_M, 12826, 10, 1282.600000, 147, 189, 
Improve_2, 005000, 147, 159, PRSH_I, 27092, 10, 2709.200000, PRSH_M, 16950, 10, 1695.000000, 147, 159, 
Improve_2, 005000, 143, 162, PRSH_I, 11787, 10, 1178.700000, PRSH_M, 26951, 10, 2695.100000, 143, 162, 
Improve_2, 005000, 199, 225, PRSH_I, 28384, 10, 2838.400000, PRSH_M, 14853, 10, 1485.300000, 199, 225, 
Improve_2, 005000, 133, 144, PRSH_I, 28068, 10, 2806.800000, PRSH_M, 21864, 10, 2186.400000, 133, 144, 
Improve_2, 005000, 125, 159, PRSH_I, 24435, 10, 2443.500000, PRSH_M, 18538, 10, 1853.800000, 125, 159, 
Improve_2, 005000, 153, 218, PRSH_I, 26571, 10, 2657.100000, PRSH_M, 19111, 10, 1911.100000, 153, 218, 
Improve_2, 005000, 135, 169, PRSH_I, 26821, 10, 2682.100000, PRSH_M, 20176, 10, 2017.600000, 135, 169, 
Improve_2, 005000, 144, 156, PRSH_I, 34727, 10, 3472.700000, PRSH_M, 10448, 10, 1044.800000, 144, 156, 
Improve_2, 005000, 184, 265, PRSH_I, 20029, 10, 2002.900000, PRSH_M, 25399, 10, 2539.900000, 184, 265, 
Improve_2, 005000, 129, 157, PRSH_I, 10362, 10, 1036.200000, PRSH_M, 32020, 10, 3202.000000, 129, 157, 
Improve_2, 005000, 127, 168, PRSH_I, 22728, 10, 2272.800000, PRSH_M, 15077, 10, 1507.700000, 127, 168, 
Improve_2, 005000, 167, 183, PRSH_I, 36250, 10, 3625.000000, PRSH_M, 14231, 10, 1423.100000, 167, 183, 
Improve_2, 005000, 100, 199, PRSH_I, 7932, 10, 793.200000, PRSH_M, 35756, 10, 3575.600000, 100, 199, 
Improve_2, 005000, 169, 198, PRSH_I, 26488, 10, 2648.800000, PRSH_M, 18600, 10, 1860.000000, 169, 198, 
Improve_2, 005000, 159, 173, PRSH_I, 19440, 10, 1944.000000, PRSH_M, 19976, 10, 1997.600000, 159, 173, 
Improve_2, 005000, 144, 157, PRSH_I, 25367, 10, 2536.700000, PRSH_M, 16827, 10, 1682.700000, 144, 157, 
Improve_2, 005000, 151, 165, PRSH_I, 28300, 10, 2830.000000, PRSH_M, 14375, 10, 1437.500000, 151, 165, 
Improve_2, 005000, 151, 158, PRSH_I, 18773, 10, 1877.300000, PRSH_M, 20902, 10, 2090.200000, 151, 158, 
Improve_2, 005000, 119, 133, PRSH_I, 15237, 10, 1523.700000, PRSH_M, 28303, 10, 2830.300000, 119, 133, 
Improve_2, 005000, 144, 160, PRSH_I, 20928, 10, 2092.800000, PRSH_M, 14533, 10, 1453.300000, 144, 160, 
Improve_2, 005000, 136, 163, PRSH_I, 29049, 10, 2904.900000, PRSH_M, 20649, 10, 2064.900000, 136, 163, 
Improve_2, 005000, 136, 154, PRSH_I, 28438, 10, 2843.800000, PRSH_M, 19263, 10, 1926.300000, 136, 154, 
Improve_2, 005000, 142, 151, PRSH_I, 25460, 10, 2546.000000, PRSH_M, 17596, 10, 1759.600000, 142, 151, 
Improve_2, 005000, 144, 170, PRSH_I, 18998, 10, 1899.800000, PRSH_M, 21369, 10, 2136.900000, 144, 170, 
Improve_2, 005000, 137, 183, PRSH_I, 27862, 10, 2786.200000, PRSH_M, 17597, 10, 1759.700000, 137, 183, 
Improve_2, 005000, 159, 172, PRSH_I, 30232, 10, 3023.200000, PRSH_M, 17367, 10, 1736.700000, 159, 172, 
Improve_2, 005000, 114, 169, PRSH_I, 18861, 10, 1886.100000, PRSH_M, 25458, 10, 2545.800000, 114, 169, 
Improve_2, 005000, 115, 172, PRSH_I, 29870, 10, 2987.000000, PRSH_M, 14649, 10, 1464.900000, 115, 172, 
Improve_2, 005000, 111, 219, PRSH_I, 20337, 10, 2033.700000, PRSH_M, 20306, 10, 2030.600000, 111, 219, 
Improve_2, 005000, 154, 177, PRSH_I, 36831, 10, 3683.100000, PRSH_M, 13996, 10, 1399.600000, 154, 177, 
Improve_2, 005000, 133, 155, PRSH_I, 17497, 10, 1749.700000, PRSH_M, 24093, 10, 2409.300000, 133, 155, 
Improve_2, 005000, 144, 204, PRSH_I, 34238, 10, 3423.800000, PRSH_M, 4393, 10, 439.300000, 144, 204, 
Improve_2, 005000, 145, 149, PRSH_I, 25070, 10, 2507.000000, PRSH_M, 20016, 10, 2001.600000, 145, 149, 
Improve_2, 005000, 165, 212, PRSH_I, 21563, 10, 2156.300000, PRSH_M, 23564, 10, 2356.400000, 165, 212, 
Improve_2, 005000, 145, 178, PRSH_I, 23561, 10, 2356.100000, PRSH_M, 20287, 10, 2028.700000, 145, 178, 
Improve_2, 005000, 166, 176, PRSH_I, 6382, 10, 638.200000, PRSH_M, 35136, 10, 3513.600000, 166, 176, 
Improve_2, 005000, 152, 217, PRSH_I, 21757, 10, 2175.700000, PRSH_M, 17770, 10, 1777.000000, 152, 217, 
Improve_2, 005000, 133, 141, PRSH_I, 29798, 10, 2979.800000, PRSH_M, 14787, 10, 1478.700000, 133, 141, 
Improve_2, 005000, 160, 210, PRSH_I, 25435, 10, 2543.500000, PRSH_M, 18413, 10, 1841.300000, 160, 210, 
Improve_2, 005000, 168, 174, PRSH_I, 27390, 10, 2739.000000, PRSH_M, 13048, 10, 1304.800000, 168, 174, 
Improve_2, 005000, 150, 162, PRSH_I, 20191, 10, 2019.100000, PRSH_M, 20189, 10, 2018.900000, 150, 162, 
Improve_2, 005000, 134, 253, PRSH_I, 19823, 10, 1982.300000, PRSH_M, 20297, 10, 2029.700000, 134, 253, 
Improve_2, 005000, 108, 166, PRSH_I, 27214, 10, 2721.400000, PRSH_M, 15581, 10, 1558.100000, 108, 166, 
Improve_2, 005000, 168, 247, PRSH_I, 26364, 10, 2636.400000, PRSH_M, 18014, 10, 1801.400000, 168, 247, 
Improve_2, 005000, 131, 211, PRSH_I, 16181, 10, 1618.100000, PRSH_M, 26802, 10, 2680.200000, 131, 211, 
Improve_2, 005000, 150, 239, PRSH_I, 37343, 10, 3734.300000, PRSH_M, 7014, 10, 701.400000, 150, 239, 
Improve_2, 005000, 162, 211, PRSH_I, 18805, 10, 1880.500000, PRSH_M, 23016, 10, 2301.600000, 162, 211, 
Improve_2, 005000, 170, 194, PRSH_I, 18950, 10, 1895.000000, PRSH_M, 26186, 10, 2618.600000, 170, 194, 
Improve_2, 005000, 141, 143, PRSH_I, 20231, 10, 2023.100000, PRSH_M, 22639, 10, 2263.900000, 141, 143, 
Improve_2, 005000, 144, 165, PRSH_I, 26277, 10, 2627.700000, PRSH_M, 15677, 10, 1567.700000, 144, 165, 
Improve_2, 005000, 112, 144, PRSH_I, 18957, 10, 1895.700000, PRSH_M, 24435, 10, 2443.500000, 112, 144, 
Improve_2, 005000, 140, 148, PRSH_I, 29965, 10, 2996.500000, PRSH_M, 14991, 10, 1499.100000, 140, 148, 
Improve_2, 005000, 132, 160, PRSH_I, 16527, 10, 1652.700000, PRSH_M, 30054, 10, 3005.400000, 132, 160, 
Improve_2, 005000, 158, 284, PRSH_I, 29528, 10, 2952.800000, PRSH_M, 15887, 10, 1588.700000, 158, 284, 
Improve_2, 005000, 133, 166, PRSH_I, 24368, 10, 2436.800000, PRSH_M, 16755, 10, 1675.500000, 133, 166, 
Improve_2, 005000, 126, 176, PRSH_I, 14863, 10, 1486.300000, PRSH_M, 23725, 10, 2372.500000, 126, 176, 
Improve_2, 005000, 126, 190, PRSH_I, 17514, 10, 1751.400000, PRSH_M, 17914, 10, 1791.400000, 126, 190, 
Improve_2, 005000, 174, 218, PRSH_I, 23063, 10, 2306.300000, PRSH_M, 25654, 10, 2565.400000, 174, 218, 
Improve_2, 005000, 155, 181, PRSH_I, 27526, 10, 2752.600000, PRSH_M, 15510, 10, 1551.000000, 155, 181, 
Improve_2, 005000, 124, 166, PRSH_I, 32962, 10, 3296.200000, PRSH_M, 14644, 10, 1464.400000, 124, 166, 
Improve_2, 005000, 113, 177, PRSH_I, 16787, 10, 1678.700000, PRSH_M, 31023, 10, 3102.300000, 113, 177, 
Improve_2, 005000, 145, 165, PRSH_I, 29248, 10, 2924.800000, PRSH_M, 17077, 10, 1707.700000, 145, 165, 
Improve_2, 005000, 176, 263, PRSH_I, 14184, 10, 1418.400000, PRSH_M, 29164, 10, 2916.400000, 176, 263, 
Improve_2, 005000, 128, 181, PRSH_I, 16832, 10, 1683.200000, PRSH_M, 27642, 10, 2764.200000, 128, 181, 
Improve_2, 005000, 168, 188, PRSH_I, 13796, 10, 1379.600000, PRSH_M, 25255, 10, 2525.500000, 168, 188, 
Improve_2, 005000, 166, 193, PRSH_I, 36604, 10, 3660.400000, PRSH_M, 12781, 10, 1278.100000, 166, 193, 
Improve_2, 005000, 139, 208, PRSH_I, 27897, 10, 2789.700000, PRSH_M, 16769, 10, 1676.900000, 139, 208, 
Improve_2, 005000, 134, 166, PRSH_I, 24718, 10, 2471.800000, PRSH_M, 18282, 10, 1828.200000, 134, 166, 
Improve_2, 005000, 147, 150, PRSH_I, 15681, 10, 1568.100000, PRSH_M, 23563, 10, 2356.300000, 147, 150, 
Improve_2, 005000, 181, 184, PRSH_I, 27274, 10, 2727.400000, PRSH_M, 15182, 10, 1518.200000, 181, 184, 
Improve_2, 005000, 130, 177, PRSH_I, 21328, 10, 2132.800000, PRSH_M, 20619, 10, 2061.900000, 130, 177, 
Improve_2, 005000, 177, 211, PRSH_I, 28959, 10, 2895.900000, PRSH_M, 15779, 10, 1577.900000, 177, 211, 
Improve_2, 005000, 113, 133, PRSH_I, 32352, 10, 3235.200000, PRSH_M, 16152, 10, 1615.200000, 113, 133, 
Improve_2, 005000, 134, 154, PRSH_I, 16032, 10, 1603.200000, PRSH_M, 31628, 10, 3162.800000, 134, 154, 
Improve_2, 005000, 175, 176, PRSH_I, 28315, 10, 2831.500000, PRSH_M, 15143, 10, 1514.300000, 175, 176, 
Improve_2, 005000, 142, 188, PRSH_I, 31728, 10, 3172.800000, PRSH_M, 16819, 10, 1681.900000, 142, 188, 
Improve_2, 005000, 155, 169, PRSH_I, 23047, 10, 2304.700000, PRSH_M, 21562, 10, 2156.200000, 155, 169, 
Improve_2, 005000, 154, 187, PRSH_I, 22850, 10, 2285.000000, PRSH_M, 16452, 10, 1645.200000, 154, 187, 
Improve_2, 005000, 155, 172, PRSH_I, 24016, 10, 2401.600000, PRSH_M, 24433, 10, 2443.300000, 155, 172, 
Improve_2, 005000, 136, 162, PRSH_I, 10737, 10, 1073.700000, PRSH_M, 28455, 10, 2845.500000, 136, 162, 
Improve_2, 005000, 177, 215, PRSH_I, 17516, 10, 1751.600000, PRSH_M, 28447, 10, 2844.700000, 177, 215, 
Improve_2, 005000, 128, 166, PRSH_I, 19927, 10, 1992.700000, PRSH_M, 25052, 10, 2505.200000, 128, 166, 
Improve_2, 005000, 152, 168, PRSH_I, 15743, 10, 1574.300000, PRSH_M, 26668, 10, 2666.800000, 152, 168, 
Improve_2, 005000, 142, 157, PRSH_I, 18506, 10, 1850.600000, PRSH_M, 20074, 10, 2007.400000, 142, 157, 
Improve_2, 005000, 150, 189, PRSH_I, 28899, 10, 2889.900000, PRSH_M, 12152, 10, 1215.200000, 150, 189, 
Improve_2, 005000, 112, 132, PRSH_I, 26331, 10, 2633.100000, PRSH_M, 22325, 10, 2232.500000, 112, 132, 
Improve_2, 005000, 153, 156, PRSH_I, 26668, 10, 2666.800000, PRSH_M, 19340, 10, 1934.000000, 153, 156, 
Improve_2, 005000, 155, 175, PRSH_I, 25639, 10, 2563.900000, PRSH_M, 16089, 10, 1608.900000, 155, 175, 
Improve_2, 005000, 122, 178, PRSH_I, 32601, 10, 3260.100000, PRSH_M, 15701, 10, 1570.100000, 122, 178, 
Improve_2, 005000, 172, 347, PRSH_I, 17051, 10, 1705.100000, PRSH_M, 24725, 10, 2472.500000, 172, 347, 
Improve_2, 005000, 141, 163, PRSH_I, 23017, 10, 2301.700000, PRSH_M, 19935, 10, 1993.500000, 141, 163, 
Improve_2, 005000, 144, 244, PRSH_I, 15561, 10, 1556.100000, PRSH_M, 24917, 10, 2491.700000, 144, 244, 
Improve_2, 005000, 150, 176, PRSH_I, 33600, 10, 3360.000000, PRSH_M, 11768, 10, 1176.800000, 150, 176, 
Improve_2, 005000, 148, 150, PRSH_I, 29723, 10, 2972.300000, PRSH_M, 17342, 10, 1734.200000, 148, 150, 
Improve_2, 005000, 144, 149, PRSH_I, 20364, 10, 2036.400000, PRSH_M, 26498, 10, 2649.800000, 144, 149, 
Improve_2, 005000, 158, 187, PRSH_I, 19864, 10, 1986.400000, PRSH_M, 25934, 10, 2593.400000, 158, 187, 
Improve_2, 005000, 118, 240, PRSH_I, 13232, 10, 1323.200000, PRSH_M, 27401, 10, 2740.100000, 118, 240, 
Improve_2, 005000, 139, 220, PRSH_I, 31521, 10, 3152.100000, PRSH_M, 10867, 10, 1086.700000, 139, 220, 
Improve_2, 005000, 147, 167, PRSH_I, 25405, 10, 2540.500000, PRSH_M, 20172, 10, 2017.200000, 147, 167, 
Improve_2, 005000, 126, 165, PRSH_I, 23416, 10, 2341.600000, PRSH_M, 22881, 10, 2288.100000, 126, 165, 
Improve_2, 005000, 145, 155, PRSH_I, 21356, 10, 2135.600000, PRSH_M, 24156, 10, 2415.600000, 145, 155, 
Improve_2, 005000, 148, 158, PRSH_I, 20095, 10, 2009.500000, PRSH_M, 26742, 10, 2674.200000, 148, 158, 
Improve_2, 005000, 149, 287, PRSH_I, 21623, 10, 2162.300000, PRSH_M, 17392, 10, 1739.200000, 149, 287, 
Improve_2, 005000, 134, 169, PRSH_I, 32364, 10, 3236.400000, PRSH_M, 17243, 10, 1724.300000, 134, 169, 
Improve_2, 005000, 176, 222, PRSH_I, 32780, 10, 3278.000000, PRSH_M, 13133, 10, 1313.300000, 176, 222, 
Improve_2, 005000, 131, 155, PRSH_I, 25304, 10, 2530.400000, PRSH_M, 21831, 10, 2183.100000, 131, 155, 
Improve_2, 005000, 155, 205, PRSH_I, 22592, 10, 2259.200000, PRSH_M, 21369, 10, 2136.900000, 155, 205, 
Improve_2, 005000, 133, 170, PRSH_I, 22707, 10, 2270.700000, PRSH_M, 18943, 10, 1894.300000, 133, 170, 
Improve_2, 005000, 108, 155, PRSH_I, 18861, 10, 1886.100000, PRSH_M, 23410, 10, 2341.000000, 108, 155, 
Improve_2, 005000, 132, 189, PRSH_I, 20234, 10, 2023.400000, PRSH_M, 11527, 10, 1152.700000, 132, 189, 
Improve_2, 005000, 186, 260, PRSH_I, 21725, 10, 2172.500000, PRSH_M, 15297, 10, 1529.700000, 186, 260, 
Improve_2, 005000, 162, 170, PRSH_I, 21977, 10, 2197.700000, PRSH_M, 17780, 10, 1778.000000, 162, 170, 
Improve_2, 005000, 155, 191, PRSH_I, 26794, 10, 2679.400000, PRSH_M, 15652, 10, 1565.200000, 155, 191, 
Improve_2, 005000, 146, 215, PRSH_I, 21699, 10, 2169.900000, PRSH_M, 22236, 10, 2223.600000, 146, 215, 
Improve_2, 005000, 166, 184, PRSH_I, 26167, 10, 2616.700000, PRSH_M, 19237, 10, 1923.700000, 166, 184, 
Improve_2, 005000, 146, 167, PRSH_I, 22779, 10, 2277.900000, PRSH_M, 22520, 10, 2252.000000, 146, 167, 
Improve_2, 005000, 155, 243, PRSH_I, 25727, 10, 2572.700000, PRSH_M, 17722, 10, 1772.200000, 155, 243, 
Improve_2, 005000, 160, 176, PRSH_I, 33746, 10, 3374.600000, PRSH_M, 8042, 10, 804.200000, 160, 176, 
Improve_2, 005000, 142, 168, PRSH_I, 13956, 10, 1395.600000, PRSH_M, 27478, 10, 2747.800000, 142, 168, 
Improve_2, 005000, 144, 169, PRSH_I, 8909, 10, 890.900000, PRSH_M, 34732, 10, 3473.200000, 144, 169, 
Improve_2, 005000, 148, 191, PRSH_I, 26100, 10, 2610.000000, PRSH_M, 23019, 10, 2301.900000, 148, 191, 
Improve_2, 005000, 149, 161, PRSH_I, 18957, 10, 1895.700000, PRSH_M, 26829, 10, 2682.900000, 149, 161, 
Improve_2, 005000, 136, 174, PRSH_I, 21494, 10, 2149.400000, PRSH_M, 23307, 10, 2330.700000, 136, 174, 
Improve_2, 005000, 94, 173, PRSH_I, 16121, 10, 1612.100000, PRSH_M, 24875, 10, 2487.500000, 94, 173, 
Improve_2, 005000, 148, 168, PRSH_I, 21810, 10, 2181.000000, PRSH_M, 24227, 10, 2422.700000, 148, 168, 
Improve_2, 005000, 165, 166, PRSH_I, 17596, 10, 1759.600000, PRSH_M, 21064, 10, 2106.400000, 165, 166, 
Improve_2, 005000, 200, 222, PRSH_I, 14680, 10, 1468.000000, PRSH_M, 20361, 10, 2036.100000, 200, 222, 
Improve_2, 005000, 119, 163, PRSH_I, 23930, 10, 2393.000000, PRSH_M, 17214, 10, 1721.400000, 119, 163, 
Improve_2, 005000, 163, 176, PRSH_I, 19487, 10, 1948.700000, PRSH_M, 21143, 10, 2114.300000, 163, 176, 
Improve_2, 005000, 146, 182, PRSH_I, 27541, 10, 2754.100000, PRSH_M, 18744, 10, 1874.400000, 146, 182, 
Improve_2, 005000, 156, 178, PRSH_I, 27094, 10, 2709.400000, PRSH_M, 15497, 10, 1549.700000, 156, 178, 
Improve_2, 005000, 137, 160, PRSH_I, 17882, 10, 1788.200000, PRSH_M, 19989, 10, 1998.900000, 137, 160, 
Improve_2, 005000, 181, 193, PRSH_I, 15818, 10, 1581.800000, PRSH_M, 28413, 10, 2841.300000, 181, 193, 
Improve_2, 005000, 121, 159, PRSH_I, 18725, 10, 1872.500000, PRSH_M, 25891, 10, 2589.100000, 121, 159, 
Improve_2, 005000, 118, 161, PRSH_I, 31689, 10, 3168.900000, PRSH_M, 11869, 10, 1186.900000, 118, 161, 
Improve_2, 005000, 144, 236, PRSH_I, 25077, 10, 2507.700000, PRSH_M, 17476, 10, 1747.600000, 144, 236, 
Improve_2, 005000, 166, 196, PRSH_I, 21584, 10, 2158.400000, PRSH_M, 19422, 10, 1942.200000, 166, 196, 
Improve_2, 005000, 124, 154, PRSH_I, 14104, 10, 1410.400000, PRSH_M, 27380, 10, 2738.000000, 124, 154, 
Improve_2, 005000, 98, 229, PRSH_I, 19931, 10, 1993.100000, PRSH_M, 25738, 10, 2573.800000, 98, 229, 
Improve_2, 005000, 134, 163, PRSH_I, 16516, 10, 1651.600000, PRSH_M, 29459, 10, 2945.900000, 134, 163, 
Improve_2, 005000, 152, 180, PRSH_I, 28806, 10, 2880.600000, PRSH_M, 15973, 10, 1597.300000, 152, 180, 
Improve_2, 005000, 142, 233, PRSH_I, 9212, 10, 921.200000, PRSH_M, 31577, 10, 3157.700000, 142, 233, 
Improve_2, 005000, 147, 182, PRSH_I, 17662, 10, 1766.200000, PRSH_M, 27314, 10, 2731.400000, 147, 182, 
Improve_2, 005000, 142, 171, PRSH_I, 20897, 10, 2089.700000, PRSH_M, 22893, 10, 2289.300000, 142, 171, 
Improve_2, 005000, 123, 153, PRSH_I, 18027, 10, 1802.700000, PRSH_M, 22588, 10, 2258.800000, 123, 153, 
Improve_2, 005000, 168, 191, PRSH_I, 24498, 10, 2449.800000, PRSH_M, 21653, 10, 2165.300000, 168, 191, 
Improve_2, 005000, 139, 161, PRSH_I, 11280, 10, 1128.000000, PRSH_M, 33718, 10, 3371.800000, 139, 161, 
Improve_2, 005000, 137, 151, PRSH_I, 22657, 10, 2265.700000, PRSH_M, 19544, 10, 1954.400000, 137, 151, 
Improve_2, 005000, 144, 159, PRSH_I, 13654, 10, 1365.400000, PRSH_M, 31214, 10, 3121.400000, 144, 159, 
Improve_2, 005000, 175, 199, PRSH_I, 25888, 10, 2588.800000, PRSH_M, 15012, 10, 1501.200000, 175, 199, 
Improve_2, 005000, 134, 167, PRSH_I, 24941, 10, 2494.100000, PRSH_M, 21388, 10, 2138.800000, 134, 167, 
Improve_2, 005000, 113, 133, PRSH_I, 28615, 10, 2861.500000, PRSH_M, 13767, 10, 1376.700000, 113, 133, 
Improve_2, 005000, 155, 188, PRSH_I, 22270, 10, 2227.000000, PRSH_M, 21758, 10, 2175.800000, 155, 188, 
Improve_2, 005000, 126, 178, PRSH_I, 18964, 10, 1896.400000, PRSH_M, 19155, 10, 1915.500000, 126, 178, 
Improve_2, 005000, 133, 170, PRSH_I, 16663, 10, 1666.300000, PRSH_M, 23961, 10, 2396.100000, 133, 170, 
Improve_2, 005000, 124, 178, PRSH_I, 22277, 10, 2227.700000, PRSH_M, 18224, 10, 1822.400000, 124, 178, 
Improve_2, 005000, 146, 292, PRSH_I, 24327, 10, 2432.700000, PRSH_M, 20010, 10, 2001.000000, 146, 292, 
Improve_2, 005000, 128, 161, PRSH_I, 16760, 10, 1676.000000, PRSH_M, 21510, 10, 2151.000000, 128, 161, 
Improve_2, 005000, 138, 195, PRSH_I, 24871, 10, 2487.100000, PRSH_M, 17322, 10, 1732.200000, 138, 195, 
Improve_2, 005000, 150, 177, PRSH_I, 21563, 10, 2156.300000, PRSH_M, 20340, 10, 2034.000000, 150, 177, 
Improve_2, 005000, 129, 155, PRSH_I, 20462, 10, 2046.200000, PRSH_M, 21212, 10, 2121.200000, 129, 155, 
Improve_2, 005000, 150, 185, PRSH_I, 18953, 10, 1895.300000, PRSH_M, 18910, 10, 1891.000000, 150, 185, 
Improve_2, 005000, 123, 157, PRSH_I, 18534, 10, 1853.400000, PRSH_M, 27690, 10, 2769.000000, 123, 157, 
Improve_2, 005000, 165, 186, PRSH_I, 23555, 10, 2355.500000, PRSH_M, 20921, 10, 2092.100000, 165, 186, 
Improve_2, 005000, 123, 139, PRSH_I, 10982, 10, 1098.200000, PRSH_M, 31272, 10, 3127.200000, 123, 139, 
Improve_2, 005000, 164, 238, PRSH_I, 26575, 10, 2657.500000, PRSH_M, 19836, 10, 1983.600000, 164, 238, 
Improve_2, 005000, 124, 150, PRSH_I, 31210, 10, 3121.000000, PRSH_M, 16071, 10, 1607.100000, 124, 150, 
Improve_2, 005000, 137, 140, PRSH_I, 15483, 10, 1548.300000, PRSH_M, 24885, 10, 2488.500000, 137, 140, 
Improve_2, 005000, 164, 165, PRSH_I, 17987, 10, 1798.700000, PRSH_M, 27027, 10, 2702.700000, 164, 165, 
Improve_2, 005000, 181, 267, PRSH_I, 19632, 10, 1963.200000, PRSH_M, 25374, 10, 2537.400000, 181, 267, 
Improve_2, 005000, 158, 161, PRSH_I, 25086, 10, 2508.600000, PRSH_M, 15923, 10, 1592.300000, 158, 161, 
Improve_2, 005000, 178, 228, PRSH_I, 27499, 10, 2749.900000, PRSH_M, 17735, 10, 1773.500000, 178, 228, 
Improve_2, 005000, 146, 151, PRSH_I, 23590, 10, 2359.000000, PRSH_M, 18848, 10, 1884.800000, 146, 151, 
Improve_2, 005000, 152, 187, PRSH_I, 30738, 10, 3073.800000, PRSH_M, 16171, 10, 1617.100000, 152, 187, 
Improve_2, 005000, 119, 164, PRSH_I, 18070, 10, 1807.000000, PRSH_M, 21321, 10, 2132.100000, 119, 164, 
Improve_2, 005000, 146, 210, PRSH_I, 18624, 10, 1862.400000, PRSH_M, 24056, 10, 2405.600000, 146, 210, 
Improve_2, 005000, 133, 146, PRSH_I, 2504, 10, 250.400000, PRSH_M, 42528, 10, 4252.800000, 133, 146, 
Improve_2, 005000, 126, 156, PRSH_I, 27699, 10, 2769.900000, PRSH_M, 17337, 10, 1733.700000, 126, 156, 
Improve_2, 005000, 190, 201, PRSH_I, 29950, 10, 2995.000000, PRSH_M, 17198, 10, 1719.800000, 190, 201, 
Improve_2, 005000, 121, 215, PRSH_I, 19186, 10, 1918.600000, PRSH_M, 19548, 10, 1954.800000, 121, 215, 
Improve_2, 005000, 150, 163, PRSH_I, 25433, 10, 2543.300000, PRSH_M, 16026, 10, 1602.600000, 150, 163, 
Improve_2, 005000, 122, 163, PRSH_I, 27605, 10, 2760.500000, PRSH_M, 18577, 10, 1857.700000, 122, 163, 
Improve_2, 005000, 166, 201, PRSH_I, 21692, 10, 2169.200000, PRSH_M, 20482, 10, 2048.200000, 166, 201, 
Improve_2, 005000, 175, 197, PRSH_I, 20353, 10, 2035.300000, PRSH_M, 13873, 10, 1387.300000, 175, 197, 
Improve_2, 005000, 174, 219, PRSH_I, 23926, 10, 2392.600000, PRSH_M, 18159, 10, 1815.900000, 174, 219, 
Improve_2, 005000, 155, 243, PRSH_I, 18126, 10, 1812.600000, PRSH_M, 23035, 10, 2303.500000, 155, 243, 
Improve_2, 005000, 131, 150, PRSH_I, 32504, 10, 3250.400000, PRSH_M, 17184, 10, 1718.400000, 131, 150, 
Improve_2, 005000, 134, 161, PRSH_I, 19630, 10, 1963.000000, PRSH_M, 16212, 10, 1621.200000, 134, 161, 
Improve_2, 005000, 131, 142, PRSH_I, 20378, 10, 2037.800000, PRSH_M, 23527, 10, 2352.700000, 131, 142, 
Improve_2, 005000, 166, 184, PRSH_I, 26726, 10, 2672.600000, PRSH_M, 14617, 10, 1461.700000, 166, 184, 
Improve_2, 005000, 137, 217, PRSH_I, 23985, 10, 2398.500000, PRSH_M, 21385, 10, 2138.500000, 137, 217, 
Improve_2, 005000, 144, 180, PRSH_I, 20039, 10, 2003.900000, PRSH_M, 21659, 10, 2165.900000, 144, 180, 
Improve_2, 005000, 125, 182, PRSH_I, 23935, 10, 2393.500000, PRSH_M, 22873, 10, 2287.300000, 125, 182, 
Improve_2, 005000, 136, 137, PRSH_I, 18881, 10, 1888.100000, PRSH_M, 16451, 10, 1645.100000, 136, 137, 
Improve_2, 005000, 113, 168, PRSH_I, 19431, 10, 1943.100000, PRSH_M, 20821, 10, 2082.100000, 113, 168, 
Improve_2, 005000, 138, 157, PRSH_I, 27854, 10, 2785.400000, PRSH_M, 21593, 10, 2159.300000, 138, 157, 
Improve_2, 005000, 155, 188, PRSH_I, 32939, 10, 3293.900000, PRSH_M, 12014, 10, 1201.400000, 155, 188, 
Improve_2, 005000, 125, 139, PRSH_I, 15221, 10, 1522.100000, PRSH_M, 24576, 10, 2457.600000, 125, 139, 
Improve_2, 005000, 163, 165, PRSH_I, 23862, 10, 2386.200000, PRSH_M, 22326, 10, 2232.600000, 163, 165, 
Improve_2, 005000, 147, 263, PRSH_I, 23374, 10, 2337.400000, PRSH_M, 22138, 10, 2213.800000, 147, 263, 
Improve_2, 005000, 165, 339, PRSH_I, 20888, 10, 2088.800000, PRSH_M, 16176, 10, 1617.600000, 165, 339, 
Improve_2, 005000, 132, 144, PRSH_I, 21247, 10, 2124.700000, PRSH_M, 28018, 10, 2801.800000, 132, 144, 
Improve_2, 005000, 127, 138, PRSH_I, 27756, 10, 2775.600000, PRSH_M, 14647, 10, 1464.700000, 127, 138, 
Improve_2, 005000, 170, 180, PRSH_I, 14836, 10, 1483.600000, PRSH_M, 24251, 10, 2425.100000, 170, 180, 
Improve_2, 005000, 147, 373, PRSH_I, 17771, 10, 1777.100000, PRSH_M, 16518, 10, 1651.800000, 147, 373, 
Improve_2, 005000, 96, 149, PRSH_I, 24724, 10, 2472.400000, PRSH_M, 19547, 10, 1954.700000, 96, 149, 
Improve_2, 005000, 174, 180, PRSH_I, 24857, 10, 2485.700000, PRSH_M, 19314, 10, 1931.400000, 174, 180, 
Improve_2, 005000, 139, 175, PRSH_I, 13195, 10, 1319.500000, PRSH_M, 28433, 10, 2843.300000, 139, 175, 
Improve_2, 005000, 129, 144, PRSH_I, 8984, 10, 898.400000, PRSH_M, 30499, 10, 3049.900000, 129, 144, 
Improve_2, 005000, 132, 176, PRSH_I, 10282, 10, 1028.200000, PRSH_M, 25479, 10, 2547.900000, 132, 176, 
Improve_2, 005000, 150, 168, PRSH_I, 16702, 10, 1670.200000, PRSH_M, 16736, 10, 1673.600000, 150, 168, 
Improve_2, 005000, 127, 182, PRSH_I, 24695, 10, 2469.500000, PRSH_M, 23047, 10, 2304.700000, 127, 182, 
Improve_2, 005000, 132, 216, PRSH_I, 24317, 10, 2431.700000, PRSH_M, 17920, 10, 1792.000000, 132, 216, 
Improve_2, 005000, 145, 161, PRSH_I, 24255, 10, 2425.500000, PRSH_M, 23325, 10, 2332.500000, 145, 161, 
Improve_2, 005000, 177, 202, PRSH_I, 22914, 10, 2291.400000, PRSH_M, 18618, 10, 1861.800000, 177, 202, 
Improve_2, 005000, 124, 171, PRSH_I, 8756, 10, 875.600000, PRSH_M, 26634, 10, 2663.400000, 124, 171, 
Improve_2, 005000, 171, 174, PRSH_I, 21676, 10, 2167.600000, PRSH_M, 24571, 10, 2457.100000, 171, 174, 
Improve_2, 005000, 142, 168, PRSH_I, 10230, 10, 1023.000000, PRSH_M, 27680, 10, 2768.000000, 142, 168, 
Improve_2, 005000, 125, 171, PRSH_I, 13951, 10, 1395.100000, PRSH_M, 27823, 10, 2782.300000, 125, 171, 
Improve_2, 005000, 146, 151, PRSH_I, 38100, 10, 3810.000000, PRSH_M, 6661, 10, 666.100000, 146, 151, 
Improve_2, 005000, 135, 168, PRSH_I, 6710, 10, 671.000000, PRSH_M, 35069, 10, 3506.900000, 135, 168, 
Improve_2, 005000, 156, 166, PRSH_I, 14436, 10, 1443.600000, PRSH_M, 27240, 10, 2724.000000, 156, 166, 
Improve_2, 005000, 172, 191, PRSH_I, 19369, 10, 1936.900000, PRSH_M, 13199, 10, 1319.900000, 172, 191, 
Improve_2, 005000, 134, 190, PRSH_I, 14550, 10, 1455.000000, PRSH_M, 30309, 10, 3030.900000, 134, 190, 
Improve_2, 005000, 120, 151, PRSH_I, 25990, 10, 2599.000000, PRSH_M, 19524, 10, 1952.400000, 120, 151, 
Improve_2, 005000, 154, 207, PRSH_I, 14254, 10, 1425.400000, PRSH_M, 27674, 10, 2767.400000, 154, 207, 
Improve_2, 005000, 132, 144, PRSH_I, 22767, 10, 2276.700000, PRSH_M, 21837, 10, 2183.700000, 132, 144, 
Improve_2, 005000, 162, 166, PRSH_I, 23791, 10, 2379.100000, PRSH_M, 22952, 10, 2295.200000, 162, 166, 
Improve_2, 005000, 147, 179, PRSH_I, 19084, 10, 1908.400000, PRSH_M, 29409, 10, 2940.900000, 147, 179, 
Improve_2, 005000, 125, 326, PRSH_I, 18427, 10, 1842.700000, PRSH_M, 19924, 10, 1992.400000, 125, 326, 
Improve_2, 005000, 155, 165, PRSH_I, 30792, 10, 3079.200000, PRSH_M, 13048, 10, 1304.800000, 155, 165, 
Improve_2, 005000, 124, 181, PRSH_I, 20366, 10, 2036.600000, PRSH_M, 27785, 10, 2778.500000, 124, 181, 
Improve_2, 005000, 140, 155, PRSH_I, 29359, 10, 2935.900000, PRSH_M, 17579, 10, 1757.900000, 140, 155, 
